die	Telefonnummer	Telefonnummern	전화번호	phone number	Diese Telefonnummer kann man sich gut merken.	이 전화번호는 기억하기가 쉽다
die	Anmeldung	Anmeldungen	등록,신고,등록 서류	registration,application, reception, login	Zeigen Sie Ihre Anmeldung dem Beamten.	직원에게 서류를 보여주세요.
die	Adresse	Adressen	주소, 청원서	address	Diese Seite nur für Name und Adresse benutzen!	이 페이지에는 이름과 주소만 쓸 것!
die	Frau	Frauen	여성,아내,여사	woman, wife, Ms.	Wenn frau sich kennt, braucht sie nicht vor sich wegzulaufen.	그녀가 자신을 안다면, 도망갈 필요가 없다.
die	Gitarre	Gitarren	(악기)기타	guitar	An einem Lagerfeuer darf die Gitarre nicht fehlen.	캠프파이어에서 기타가 빠지면 안돼.
die	Information	Informationen	정보, 안내소	information	Mit so wenigen Informationen kann man nur eine Milchmädchenrechnung aufmachen.	그렇게 적은 정보만으로는 잘못된 계산만 나올것이다.
die	Familie	Familien	가족,가정	family	Sonntags sitzt die ganze Familie bei Tisch und isst gemeinsam.	일요일마다 모든 가족이 식탁에 둘러앉아 함께 식사를 합니다.
der	Raum	Räume	방, 공간	room, area, space	Die Band hat bisher keinen geeigneten Raum zum Üben gefunden.	밴드는 지금까지 연습에 필요한 적절한 공간을 찾지 못했었다.
der	Mann	Männer	남성, 남편, 사람	man, husband, fellow	Er ist ein kluger Mann.	그는 현명한 사람이다.
der	Wohnort	Wohnorte	거주지	residence, domicilehttps://de.wiktionary.org/wiki/Wohnort	Wegen beruflicher Veränderung musste er auch seinen Wohnort wechseln.	그는 업무상 변동때문에 거주지를 변경해야 했다.
der	Buchstabe	Buchstaben	문자,활자	letter, charactor	Das große „A“ ist ein Buchstabe der deutschen Sprache.	대문자 'A'는 독일어 문자중 하나이다.
der	Flughafen	Flughäfen	공항	airport	Für uns am nächsten ist der Flughafen Hannover	우리에겐 하노버 공항이 제일 가까워.
der	Herr	Herren	(남자)씨,님,지배자	master, lord, Mr. 	Wie geht es Ihnen heute, Herr Müller?	어떻게 지내시나요 Müller 씨?
der	Kurs	Kurse	시세, 강좌, 진로	price, course, bearing	Das Schiff nahm Kurs auf den Hafen.	그 배는 항로를 항구로 향했다.
der	Kaffeeautomat	Kaffeeautomaten	커피자판기	coffee machine	Zudem gibt es hier ein Studierendencafé mit einem Kaffeeautomaten und einen größeren Aufenthaltsraum für die Studierenden.	그 외에도 커피머신이 구비된 학생카페와 학생들을 위한 라운지가 있습니다.
der	Kaffee	Kaffees	커피	coffee	Ich trinke eine Tasse Kaffee.	나는 커피 한잔을 마신다.
der	Name	Namen	이름,명칭	name	Wie ist dein Name?	너 이름이 뭐니?
das	Geld	Gelder	돈,재산,화폐	money, cash, fund	Zeit ist Geld.	시간이 돈이다.
die	Sprache	Sprachen	말, 언어	language, speech	Ich spreche mehrere Sprachen.	나는 여러 언어를 말한다.
die	Nacht	Nächte	밤, 암흑	night	In der Nacht habe ich ein Geräusch auf dem Hof gehört.	밤에 마당에서 소리를 들었다.
die	Sonne	Sonnen	태양,햇살	sun	Die Sonne geht auf.	해가 뜬다.
die	Wolke	Wolken	구름	cloud	Der Himmel ist mit Wolken bedeckt.	하늘이 구름으로 덮어있다.
die	Uhr	Uhren	시간,시계	clock, watch	Wieviel Uhr ist es?	몇시에요?
der	Mond	Monde	달	moon	Phobos und Deimos sind die beiden Monde des Mars.	포보스와 데이모스 둘다 화성의 달(위성)입니다.
der	Tag	Tage	낮, 주간, 하루	day, date	Die Woche hat sieben Tage.	일주일은 7일이다.
der	Wein	Weine	포도주, 와인	wine	Du trinkst lieber Wein als Bier.	너는 맥주보다 와인을 더 좋아한다.
der	Tee	Tees	차	tee	Kaffee und Tee sind beliebte Getränke.	커피와 차는 가장 사랑받는 음료이다.
das	Frühstück	Frühstücke	아침식사	breakfast	Zum Frühstück isst Jutta täglich eine Schüssel Müsli.	Jutta는 매일 아침식사로 시리얼 한그릇을 먹는다.
das	Mittagessen	Mittagessen	점심식사	lunch	Nach dem Mittagesssen wurde der Unterricht fortgesetzt.	점심식사 이후에 수업이 계속되었다.
das	Abendessen	Abendessen	저녁식사	dinner	Zum Abendessen gibt es heute einen besonders guten Wein.	오늘 저녁에는 특히 좋은 와인이 있습니다.
das	Wasser	Wässer	물	water	Wenn es heiß ist, trinke ich gern Wasser.	나는 더울때 물 마시는걸 좋아합니다.
das	Bier	Biere	맥주	beer	In Deutschland gibt es über 5000 Biere.	독일에는 5000가지가 넘는 맥주가 있습니다.
die	Lektion	Lektionen	강의, 교과서의 장	lesson	Heute behandeln wir in unserem Lehrbuch die Lektion 10.	오늘은 교과서 10장에 대해서 다룰거에요.
die	Seite	Seiten	쪽, 면, 옆쪽	page, site, side	Er wich zur Seite aus.	그는 옆으로 피했다.
die	Übung	Übungen	연습문제, 훈련, 과제	exercise, practice,  tutorial	Übung macht den Meister.	연습이 장인을 만든다.
die	Aufgabe	Aufgaben	과제,임무	task, function	Meine vordringlichste Aufgabe ist es jetzt, mich um die Kinder zu kümmern.	나에게 지금 가장 중요한 일은 아이들을 돌보는 것이다.
die	Antwort	Antworten	대답, 응답	answer, response	Ich erwarte eine Antwort auf meine Frage!	내 질문에 대한 답변을 기다리겠습니다.
die	Hausaufgabe	Hausaufgaben	숙제	homework	Hast du deine Hausaufgaben schon gemacht?	너 숙제했어?
die	Frage	Fragen	질문, 문제	question, issue, problem	Ich stellte ihr eine Frage.	나는 그녀에게 질문을 했다.
der	Satz	Sätze	문장, 정리, 악장	sentence, clause, phrase	Er las den Brief noch einmal Satz für Satz.	그는 그 편지를 한문장 한문장 다시 읽었다.
der	Dialog	Dialoge	대화, 문답	dialogue	Dialoge besitzen meist nur eine OK- und Abbrechen-Schaltfläche.	대화상자에는 대부분 확인과 취소버튼만 있습니다.
die	Oper	Opern	오페라	opera, opera house	Heute Abend gehen wir in die Oper.	오늘저녁에 우리는 오페가 극장에 간다.
die	Person	Personen	사람, 몸	person, mensch	Die Person kann ich nicht ausstehen.	나는 그사람을 참을 수 없다.
die	Musik	Musiken	음악	music	Magst du moderne Musik?	현대음악을 좋아하니?
die	Postkarte	Postkarten	엽서, 우편	postcard	Er versendete im Urlaub eine Postkarte an seine Schwester.	그는 휴가중에 여동생에게 엽서를 보냈다.
die	Tasche	Taschen	손가방, 핸드백, 호주머니	pocket, bag, pouch	Die Tasche ist mir zu schwer.	이 가방은 너무 무거워ㅜㅜ
die	Woche	Wochen	주, 주간	week	In dieser Woche gibt es mal kein Unterricht.	이번주에는 수업이 없다.
die	Katze	Katzen	고양이	cat	Eine Katze jagt eine Maus.	고양이가 쥐를 사냥한다.
die	Freundin	Freundinnen	여자 친구	friend, girlfriend	Thomas hat seit kurzem eine Freundin.	Thomas는 최근에 여자친구를 사귀었어.
die	Farbe	Farben	색, 염료	color, paint, dye	Diese Farbe taugt nichts.	이 색은 어울리지 않아.
der	Mensch	Menschen	인간, 사람	human, person, human being	Der Mensch ist sterblich.	인간은 죽기 마련이다.
der	Monat	Monate	달, 월	month	Meistens vier Wochen sind ein Monat.	대체로 4주가 한달이다.
der	Vormittag	Vormittage	오전	morning	Am Vormittag habe ich Unterricht.	나 오전에 수업있어.
der	Chemiker	Chemiker	화학자	chemists	Wir müssen noch einen Chemiker und zwei Laboranten einstellen.	우리는 화학자와 두명의 조수를 고용해야 합니다.
der	Beruf	Berufe	직업, 사명	profession, occupation, career, job	Was macht sie Von Beruf?	그녀의 직업은 뭐야?
der	Ausländer	Ausländer	외국인	foreigner	Ausländer sind Personen, die eine andere Staatsangehörigkeit haben.	외국인은 다른 국적을 가지고 있는 사람입니다.
der	Freund	Freunde	친구, 남자친구	friend, boyfriend	Sie sind dicke Freunde.	그들은 막역한 친구사이다.
der	Hund	Hunde	개	dog	Mein Hund ist eine Sie.	내 개는 암컷이다.
das	Spiel	Spiele	놀이, 장난	game, play, match	Das ist für mich ein Spiel.	식은 죽 먹기지.
das	Alter	Alten	나이, 노후	age	Im Alter lässt die Konzentration nach.	늙으면 기억력이 안좋아진다.
das	Jahr	Jahre	일년, 나이	year	Der Bau des Hauses dauerte 2 Jahre.	집을 짓는데 2년이 걸렸다.
das	Kind	Kinder	아이, 어린이	child, kid	Die Kinder spielten im Garten.	아이들이 정원에서 놀고있었다.
die	Schule	Schulen	학교, 수업	school	Heute ist keine Schule.	오늘은 수업이 없다.
die	Pflanze	Pflanzen	식물	plant	Diese Pflanze liebt die Sonne.	이 식물은 햇빛을 필요로 한다.
die	Tafel	Tafeln	칠판,판넬	board, panel, table	Lass das Geschriebene an der Tafel stehen!	칠판에 필기한것을 지우지 마세요!
die	Weltkarte	Weltkarten	세계 지도	world map	Das ist für die meisten die normale Weltkarte.	이건 대부분의 사람들을 위한 평범한 세계지도이다.
die	Tür	Türen	문, 입구	door	Kannst du bitte die Tür zumachen!	문 좀 닫아줄래?
die	Lampe	Lampen	램프, 전등	lamp, light	Mach mal bitte die Lampe an, es ist so dunkel hier.	불좀 켜, 여기 너무 어두워.
die	Klasse	Klassen	학급, 학년, 교실, 등급	class, classroom	Die Einordnung der Dinge in Klassen dient dazu, sie dem Geist geordnet darzubieten.	사물을 등급별로 분류하면 순서대로 표현할 수 있다.
der	Papierkorb	Papierkörbe	휴지통	trash, recycle bin	In den Papierkorb sollte wirklich nur Papier geworfen werden, für Teebeutel gibt es den Mülleimer.	이 휴지통에는 종이만 버리세요, 티백은 저 쓰레기통에 버리세요.
der	Radiergummi	Radiergummis	지우개	eraser, rubber	Spitzer und Radiergummi liegen griffbereit auf dem Fußboden neben ihrem Schemel.	연필깎이와 지우개는 그녀 의자 바로 옆 바닥에 있습니다.
der	Tisch	Tische	탁자,음식	table	Wir sehen uns nach Tisch. Sie ist zu Tisch.	식사 후에 보자, 그녀는 식사중이야.
der	Stuhl	Stühle	의자, 좌석, 지위	chair	Auf diesem Stuhl kann man bequem sitzen.	누구나 이 의자에 편히 앉을 수 있어요.
der	Stift	Stifte	펜, 핀, 연필	pen, pin, pencil	Kannst du mir einmal deinen Stift leihen? Ich muss etwas aufschreiben.	펜좀 빌려줄 수 있어? 나 뭐 좀 필기 해야해.
der	Computer	Computer	컴퓨터	computer	Wenn der Computer so billig ist, werde ich sofort zugreifen.	이 컴퓨터가 엄청 싸다면 당장 구매하겠다.
der	Bleistift	Bleistifte	연필	pencil	Schreibt bitte mit Bleistift, damit ihr eure Fehler wieder ausradieren könnt.	틀려도 다시 지울수 있게 연필로 써 주세요.
der	Block	Blöcke	스프링 노트, 용지	block, pad, bloc	Beim Telefon sollte man immer einen Block bereitliegen haben.	전화 중에 항상 노트를 준비해야 합니다.
der	Kuli (Kugelschreiber)	Kulis (Kugelschreiber)	볼펜	pen	Reich mir mal deinen Kuli!	펜좀 줘봐!
das	Regal	Regale	선반, 진열장	shelf, rack, shelves	Meine Regale reichen für die Bücher schon lange nicht mehr aus.	내 선반은 더이상 책을 놓기에 넉넉하지 못하다.
das	Zimmer	Zimmer	방, 실	room, chamber	Sei ruhig und geh auf dein Zimmer!	조용히하고 니 방으로 들어가!
das	Buch	Bücher	책, 장부	book	Ein Buch zu schreiben dauert oft mehrere Jahre.	한권의 책을 쓰는데 보통 몇년이 걸린다.
das	Bild	Bilder	그림, 모습, 광경	view, image, picture, painting	Weißt du, wer dieses Bild gemalt hat?	누가 이 그림을 그렸는지 알아?
das	Fenster	Fenster	창문, 진열창	window	Schließe bitte das Fenster, wenn du den Raum verlässt.	방 나갈때 창문좀 닫아줘.
das	Heft	Hefte	공책	booklet, notebook	Der Lehrer sammelte die Hefte ein.	교사는 공책을 걷었습니다.
die	Minute	Minuten	분, 순간	Minute	Ich werde in fünf Minuten zurück sein.	5분안에 돌아올게.
die	Leute (pl)	Leute	사람들	people	Viele Leute warten auf den Bus.	많은 사람들이 버스를 기다리고 있다.
die	Zeitung	Zeitungen	신문, 알림	newspaper	Hol bitte die Zeitung!	신문좀 가져와!
die	Diät	Diäten	다이어트	diet	Um abzunehmen hatte er schon mehrere Diäten ausprobiert.	그는 살을 빼기위해 이미 여러 다이어트를 시도했었다.
die	Bäckerei	Bäckereien	빵집	bakery	Ich gehe zur Bäckerei, um etwas Brot zu kaufen.	빵좀 사러 빵집에 간다.
die	Einkaufsliste	Einkaufslisten	구매목록	shopping list	Ich schrieb eine Einkaufsliste und ging zum Supermarkt.	나는 구매목록을 작성하고 마트에 갔었다.
die	Arbeit	Arbeiten	노동, 일, 일자리	work, activiy, job, task	Normalerweise esse ich direkt nach der Arbeit zu Abend.	나는 보통 일이 끝난 직후 저녁을 먹는다.
die	Hausfrau	Hausfrauen	주부	housewife	Sie ist eine gute Hausfrau.	그녀는 살림꾼이다.
der	Schuh	Schuhe	신발	shoe	Der Schuh fiel mir ab.	신발이 벗겨졌다.
der	Nachtisch	Nachtische	디저트	dessert	Zum Nachtisch habe ich ein Eis gegessen.	나는 디저트로 아이스크림을 먹었다.
der	Markt	Märkte	시장, 장사	market, marketplace	Er kaufte frisches Obst und Gemüse auf dem örtlichen Markt.	그는 신선한 과일과 채소를 재래시장에서 샀다.
der	Preis	Preise	가격, 보상	price, award	Ich habe Preise verglichen, bevor ich das Produkt bestellt habe.	나는 제품을 주문하기 전에 가격을 비교해본다.
der	Weg	Wege	길, 방법	way, path, distance	Ich bin auf dem Weg nach Hause.	집 가는 길이야.
der	Sport	Sporte	스포츠, 운동, 오락	Sport	Viel Sport fördert die Gesundheit.	많은 운동은 건강을 향상시킨다.
der	Supermarkt	Supermärkte	슈퍼마켓	supermarket	Man kann die Pfandflaschen im Supermarkt zurückgebenzurückgeben, dafür gibt esextra Automaten.	슈퍼마켓에 공병을 돌려줄 수 있고 그것을 위한 별도의 공병수거기가 있다.
der	Alkohol	Alkohole	술, 알코올	alcohol, liquor	Er hat dem Alkohol gefrönt.	그는 술에 빠졌다.
der	Durst	-	갈증, 열망	thirst	Wasser ist das beste Getränk, um Durst zu löschen.	물을 갈증을 해소하는 최고의 음료다.
der	Hunger	-	배고픔	hunger	Ich habe Hunger!	배고파!
der	Flohmarkt	Flohmärkte	벼룩시장	flea market	In Hannover findet am Wochenende regelmäßig ein Flohmarkt statt.	하노버에서는 주말에 정기적으로 벼룩시장이 열린다.
das	Lebensmittel	Lebensmittel	식료품	food, foodstuff	Wir nutzen Kühlschränke, um Lebensmittel zu konservieren.	음식을 보관하기 위해서 냉장고를 사용한다.
das	Sonderangebot	Sonderangebote	특가, 특매	special offer, bargain	Zurzeit haben wir ein Sonderangebot.	현재 세일중입니다
das	Auto	Autos	자동차	car, vehicle	Er hat sich ein gebrauchtes Auto gekauft.	그는 중고차를 샀다.
das	Büro	Büros	사무실, 관청	office	Das Büro des Managers befindet sich am Ende des Gangs.	매니저의 사무실은 복도 끝에 있어요.
das	Fahrrad	Fahrräder	자전거	bicycle, bike	Er hat ein neues Fahrrad geschenkt bekommen.	그는 새 자전거를 선물 받았다.
das	Haus	Häuser	집, 건물	house, building	Mein Haus hat drei Zimmer und eine große Küche.	우리집은 방 3개와 큰 부엌이 있다.
die	Schüssel	Schüsseln	그릇, 사발, 음식	bowl, dish	Hol doch mal die Schüssel aus dem Schrank.	 찬장에서 그릇좀 꺼내줘.
die	Tasse	Tassen	잔, 컵	cup, mug	Eine Tasse Tee mit Honig wird deinen rauen Hals beruhigen.	차에 꿀을 넣어서 마시면 목 아픈게 나아질거야.
die	Waschmaschine	Waschmaschinen	세탁기	washing machine	Diese Waschmaschine nimmt wenig Raum.	이 세탁기는 공간을 적게 차지해.
die	Spüle	Spülen	싱크대	sink	Die Spüle ist voll mit schmutzigem Geschirr.	싱크대에 지저분한 식기들로 가득하다.
die	Gabel	Gabeln	포크, 두갈래길	fork	Messer und Gabeln werden in vielen Ländern beim Essen verwendet.	나이프와 포크는 많은 국가에서 식사할 때 사용된다.
die	Küche	Küchen	부엌, 주방	kitchen	Wir frühstücken immer in der Küche.	우리는 항상 부엌에서 아침을 먹는다.
der	Löffel	Löffel	숟가락	spoon	Ich esse mein Müsli immer mit einem großen Löffel.	나는 항상 큰 수저로 시리얼을 먹는다.
der	Topf	Töpfe	냄비, 단지	pot	Das Wasser im Topf kocht bereits.	냄비에 물이 이미 끓고있어.
der	Teller	Teller	접시	plate	Sie hat den Teller zerbrochen.	그녀는 접시를 깨뜨렸다.
der	Wasserkocher	Wasserkocher	포트	kettle, electric kettle	Ich verwende einen elektrischen Wasserkocher, um Tee zu kochen.	차를 만들기 위해서 전기포트를 사용한다.
der	Kühlschrank	Kühlschränke	냉장고	refrigerator	Kann die Wurst wieder in den Kühlschrank?	소시지를 다시 냉장고에 넣어도 되겠죠?
der	Geschirrspüler	Geschirrspüler	식기세척기	dishwasher	Ich räumte den Tisch ab und gab das Geschirr in den Geschirrspüler.	나는 식탁을 치우고 식기를 식기세척기에 넣었다.
der	Herd	Herde	가스레인지	stove, range	Er nutzte den Herd, um eine Suppe zu kochen.	그는 스프를 요리하기 위해 레인지를 사용했다.
das	Messer	Messer	나이프, 칼	knife, blade	Sei vorsichtig, das Messer ist sehr scharf.	조심해, 그 칼 날카로워.
das	Besteck	Bestecke	식기류, 날붙이	cutlery, flatware	Ich brachte die Teller und das Besteck ins Esszimmer.	나는 접시와 식기를 식당으로 가지고왔다.
das	Essstäbchen	Essstäbchen	젓가락	chopstick	Ich esse mein Sushi immer mit Essstäbchen.	나는 항상 젓가락으로 초밥을 먹는다.
das	Geschirr	Geschirre	식기, 그릇	dishes, crockery	Wir haben uns neues Geschirr gekauft.	우리는 새 식기를 샀다.
die	Soße	Soßen	소스	sauce, dressing	Der Koch rührte einen Esslöffel Sahne in die Soße.	요리사는 소스에 크림 한스푼을 넣었다.
die	Nudel	Nudeln	국수, 면류	noodle	Ich esse gerne Nudeln mit Tomatensauce.	나는 토마토소스와 먹는 국수를 좋아한다.
die	Melone	Melonen	멜론	melon	Als Vorspeise gibt es Parmaschinken mit Melone.	전채요리로 멜론을 곁들인 파마산 햄이 있습니다.
die	Traube	Trauben	포도, 	grape	Trauben wachsen an Reben.	포도는 포도나무에서 자란다.
die	Wurst	Würste	소시지	sausage	Salami ist eine italienische Wurst.	살라미는 이탈리안식 소시지이다.
die	Zwiebel	Zwiebeln	양파	onion	Es ist leicht, Traurigkeit vorzutäuschen, wenn man eine Zwiebel schält.	양파를 까면 슬픈 척 하기 쉽다.
die	Zitrone	Zitronen	레몬	lemon	Das Eis schmeckt nach Zitrone.	아이스크림에서 레몬맛이 난다.
die	Suppe	Suppen	수프	soup	Vor dem Hauptgang servierte uns der Kellner eine schmackhafte Suppe.	웨이터가 메인 코스 전에 우리에게 맛있는 수프를 제공했다.
die	Tomate	Tomaten	토마토	tomato	Jetzt sind Tomaten nicht zu haben.	토마토는 이제 철이 지났다.
die	Birne	Birnen	배, 전구	pear, bulb	Ich esse lieber Birnen als Äpfel.	나는 사과보다 배가 좋다.
die	Gurke	Gurken	오이	cucumber	Ich mag keine Gewürzgurken, weil sie mir zu sauer sind.	나는 너무 맛이 셔서 피클을 안좋아해.
die	Kartoffel	Kartoffeln	감자	potato	Die besten Pommes werden aus frischen Kartoffeln gemacht.	최고의 감자튀김은 신선한 감자로 만든다.
die	Kirsche	Kirschen	체리, 버찌, 벚나무	cherry	Eine Kirsche ist eine runde, rote Steinfrucht.	체리는 빨갛고 둥근 열매입니다.
die	Marmelade	Marmeladen	잼	jam, marmalade 	Marmelade stand auf dem Tisch.	잼은 식탁위에 있어.
der	Reis	Reise	밥, 쌀, 벼	rice	Ich mag Pasta ebenso wie Reis.	나는 밥만큼 파스타를 좋아한다.
der	Saft	Säfte	주스, 수액	juice, sap	Ich drücke eine Orange aus, um frischen Saft zu erhalten.	신선한 주스를 얻기위해 오렌지 즙을 낸다.
der	Schinken	Schinken	허벅지, 햄	ham, gammon	Mein Opa isst jeden Tag Brot mit Schwarzwälder Schinken.	할아버지는 매일 빵과 슈바르츠발트 햄을 드십니다.
der	Salat	Salate	샐러드, 상추	salad, lettuce	Ein Salat ist leicht zu verdauen.	샐러드는 소화가 잘된다.
der	Zucker	Zucker	설탕, 당뇨병	sugar, diabetes	Im Rezept steht, dass ich zuerst die Butter und den Zucker vermengen soll.	레시피에 따르면, 먼저 버터와 설탕을 섞어야한다.
der	Apfel	Äpfel	사과	apple	Der Apfel lacht mich an.	사과가 맛있어 보이네.
der	Blumenkohl	Blumenkohle	콜리플라워	cauliflower	Blumenkohl ist ein nahrhaftes Gemüse.	콜리플라워는 영양가 있는 야채입니다.
der	Käse	Käse	치즈	cheese	Der Käse hatte einen entsetzlichen Geruch.	이 치즈는 끔찍한 냄새가 났다.
der	Fisch	Fische	생선	fish	Er isst lieber Fisch als Fleisch.	그는 고기보다 생선을 더 좋아한다.
der	Kuchen	Kuchen	케잌	cake	Dieser Kuchen war köstlich.	이 케이크 맛있었어!
das	Salz	Salze	소금	salt	Die Suppe braucht eine Prise Salz.	이 수프에는 소금 한줌을 넣어야해.
das	Obst	-	과일	fruit	Das Obst ist noch nicht reif.	그 과일은 아직 덜 익었어
das	Öl	Öle	기름	oil	Er malte mit Öl auf Leinwand.	그는 캔버스에 유화를 그렸다.
das	Brot	Brote	빵	bread	Heute habe ich ein ungesäuertes Brot gebacken.	오늘 나는 이스트 안넣고 빵을 구웠다.
das	Eis	-	아이스크림, 얼음	ice, ice cream	Außer mir wollte niemand ein Eis.	아무도 아이스크림 먹기 싫대. 나 빼고
das	Ei	Eier	달걀, 알	egg	Hennen brüten ihre Eier aus.	암탉은 알을 낳는다.
das	Brötchen	Brötchen	작은빵, 독일에서 아침에 자주 먹는 빵 	bread rolls	Ich esse oft Brötchen mit Butter und trinke Bier dazu.	나는 종종 빵에 버터를 발라서 맥주랑 같이 먹어요
das	Fleisch	-	고기	meat, flesh	Ißt du gern Fleisch?	고리 좋아해?
das	Gemüse	Gemüse	채소, 야채	vegetables	Das Mittagessen ist die Hauptmahlzeit des Tages und besteht meist aus Kartoffeln, Gemüse und Fleisch. 	점심은 하루의 주된 식사시간이고 대부분 감자와 야채, 고기로 구성된다.
die	Packung	Packungen	포장, 짐	package, pack	Wichtige Informationen sind auf die Packung aufgedruckt.	중요한 정보는 포장에 적혀있어요.
die	Scheibe	Scheiben	원반, 자른 조각	disk, slice	Ich habe drei Scheiben Brot geschnitten.	나는 빵 세조각을 잘랐다.
die	Tüte	Tüten	봉지, 콘	bag, cone	Ich weiß nicht, ob ich so eine große Tüte habe.	큰 봉지가 있는지 잘 모르겠다.
die	Dose	Dosen	통조림, 캔	can	Ich habe eine Dose Bier und eine Flasche Wasser.	맥주한캔이랑 물한병 있어.
die	Flasche	Flaschen	병	bottle	Mein Vater bestellte eine Flasche Bier.	아빠가 맥주한병을 주문했다.
der	Liter	Liter	리터	liter	Sie kaufte Brot und ein Liter Milch.	그녀는 빵과 우유 1리터를 샀다.
der	Becher	Becher	잔, 컵(일반적으로 손잡이가 없는)	cup, beaker	Ich trinke gern einen Becher Milch, bevor ich ins Bett gehe.	나는 자러가기 전에 우유 한 잔 마시는 것을 좋아한다.
das	Stück	Stücke	조각	piece, bit, part	Ich brauche ein Stück Holz, um dieses kaputte Spielzeug zu reparieren.	이 망가진 장난감을 고치려면 나무조각이 필요하다.
das	Glas	Gläser	유리, 유리잔	glass	Glas wird aus Sand gemacht.	유리는 모래로 만들어진다.
die	Sahne	-	크림, 생크림	cream	Ich liebe Erdbeeren mit Sahne.	나는 크림이 곁들어진 딸기를 매우 좋아한다.
der	Teig	Teige	반죽	dough, batter	Wir müssen den Teig auf einer mit Mehl bestreuten Fläche ausrollen.	가루가 흩뿌려진 평평한 표면에서 반죽을 굴려야 한다.
das	Backpulver	Backpulver	베이킹 파우더	baking powder	Backpulver sorgt dafür, dass der Kuchenteig aufgeht.	베이킹 파우더는 케이크반죽이 부풀어오르는 것을 도와준다.
das	Mehl	Mehle	밀가루, 가루	flour	Mehl kann verwendet werden, um eine Soße zu binden.	밀가루는 소스를 응고시키는 데 사용할 수 있다.
die	Puppe	Puppen	인형	doll, dummy	Als ich klein war, habe ich oft mit Puppen gespielt.	내가 어렸을 때, 인형으로 자주 놀았다.
die	Toilette	Toiletten	화장실	toilet	Ich muss mal schnell auf die Toilette.	나 빨리 화장실 가야해.
die	Blume	Blumen	꽃	flower	Eine schöne Blume, die du da gepflückt hast.	니가 거기서 고른 이쁜 꽃.
die	Glocke	Glocken	종, 방울	bell	Wenn die Glocke ertönt, muss ich gehen.	종이 울리면 나는 가야한다.
der	Zug	Züge	기차, 이동	train, move	Der Zug fährt von Gleis sieben ab.	기차는 7번 플랫폼에서 출발합니다.
der	Urlaub	Urlaube	휴가	holiday, leave, vacation	Im Sommer fahren viele Menschen in Urlaub.	많은 사람들이 여름에 휴가를 간다.
der	Wecker	Wecker	자명종, 알람시계	alarm	Ich bin heute morgen spät aufgewacht, mein Wecker hat nicht geklingelt.	알람이 울리지 않아서 오늘 아침에 늦게 일어났다.
der	Unterricht	Unterrichte	가르침, 수업	education, school, class, lesson	Der Unterricht ist aus.	수업이 끝났다.
der	Stress	Stresse	스트레스	stress	Mach dir keinen Stress.	스트레스 받지마
der	Alltag	Alltage	평일, 일상	everyday life, daily life	Das Internet ist zu einem wichtigen Teil des Alltags geworden.	인터넷은 일상에서 중요한 부분이 되었다.
der	Kindergarten	Kindergärten	유치원	kindergarten, nursery	Die Kinder können ab 3 Jahren den Kindergarten besuchen.	아이들은 3살부터 유치원에 다닐 수 있다.
der	Flug	Flüge	비행, 비행기 여행	flight	Der Flug hängt vom Wetter ab	비행은 날씨에 좌우된다.
das	Radio	Radios	라디오	Radio	Ich bat ihn, das Radio leise zu stellen.	나는 그에게 라디오 소리를 줄여달라고 부탁했다.
das	Licht	Lichter	빛, 양초, 등불	light	Mach bitte das Licht an!	불좀 켜줘!
das	Lied	Lieder	노래, 선율	song	Das Lied klingt traurig.	그 노래는 슬프게 들려.
das	Bett	Betten	침대, 잠자리	bed	Ich duschte und ging dann ins Bett.	나는 샤워를 마치고 자러갔었다.
das	Konzert	Konzerte	음악회, 협주곡	concert, gig	Sie möchte ins Konzert gehen.	그녀는 콘서트에 가고 싶어한다.
das	Gleis	Gleise	선로, 레일, 플랫폼	track, rail, platform	Unser Zug ist auf Gleis fünf angekommen.	우리가 탈 기차는 5번 플랫폼에 도착해
die	Nase	Nasen	코	nose	Mein Onkel zwickte mir immer die Nase als Begrüßung.	삼촌은 항상 인사로 내 코를 꼬집었다.
die	Hand	Hände	손, 손바닥	Hand	Ich schreibe mit der rechten Hand.	난 오른손으로 글씨를 쓴다.
der	Mund	Münder	입	mouth	Er küsste ihren Mund.	그는 그녀의 입술에 키스했다.
der	Zahn	Zähne	치아	tooth	Der Zahnarzt entfernte ihr drei Zähne.	치과의사는 그녀의 이빨 3개를 뽑았다.
der	Arm	Arme	팔	Arm	Ich habe ein Tattoo auf meinem linken Arm.	내 왼쪽팔에는 타투가 있다.
der	Fuß	Füße	발	foot	Sie trat den Ball mit ihrem linken Fuß.	그녀는 왼발로 공을 찼다.
das	Bein	Beine	다리	leg	Sie hat lange und schlanke Beine.	그녀의 다리는 길고 가늘다.
das	Auge	Augen	눈	eye	ich kann das auf die Entfernung mit meinen Augen schlecht sehen.	나는 먼 곳에 있는 것은 잘 보이지 않는다.
das	Haar	Haare	머리카락	hair	Sie hat ihr Haar braun gefärbt.	그녀는 갈색으로 염색했다.
die	Kleidung	Kleidungen	의상, 옷	clothes, outfit	Er legte seine Kleidung ordentlich zusammen.	그는 그의 옷을 단정하게 정리했다.
die	Mütze	Mützen	모자	cap	Setz deine Mütze auf!	모자 써!
die	Sandale	Sandalen	샌들	sandal	Ich habe mir diesen Sommer neue Sandalen gekauft.	이번 여름에 새 샌들을 샀다.
die	Socke	Socken	양말	sock	Eine meiner Socken ist beim Waschen verloren gegangen.	세탁중에 내 양말 하나가 사라졌다
die	Unterhose	Unterhosen	팬티, 속옷, 속바지	underpants	Nach den seinerzeitigen Erkenntnissen ziehen rund 87 Prozent aller Deutschen täglich eine neue Unterhose an.	당시 조사 결과에 따르면 독일인의 약 87 %가 매일 새 팬티를 입는다.
die	Strumpfhose	Strumpfhosen	팬티 스타킹	tights	Es ist kalt, daher trage ich eine Strumpfhose unter meinem Rock.	너무 추워서 치마안에 스타킹을 입었다.
die	Bluse	Blusen	블라우스	blouse	Die Bluse knittert leicht, ich muss sie bügeln	이 블라우스는 조금 구겨졌다, 다림질을 해야해.
die	Jacke	Jacken	윗옷, 재킷	jacket, coat	Nimm dir eine Jacke mit, es ist kalt.	날씨가 추우니 겉옷을 껴입어.
die	Krawatte	Krawatten	넥타이	tie	 Zu diesem Anzug trage ich heute eine dunkelblaue Krawatte.	이 정장에는 암청색의 넥타이를 입는다.
die	Hose	Hosen	바지	pants, trousers	Die Hose steht dir sehr gut.	바지 너한테 잘어울려.
der	Mantel	Mäntel	외투, 코트	coat, mantle, cloak	Es regnet, ich ziehe meinen Mantel an.	비가온다, 나는 코트를 입었다.
der	Rock	Röcke	치마	skirt	Als Schülerin musste ich einen Rock tragen.	학생이었을때 나는 치마를 입어야 했었다.
der	Schal	Schals	숄, 스카프	scarf, shawl, muffler	Sie trug einen gestrickten Schal um ihren Hals.	그녀는 뜨개질한 목도리를 목에 둘렀다.
der	Slip	Slips	여성용 팬티	briefs, slip	Mein neuer Slip ist noch nicht trocken.	내 팬티는 아직 덜 말랐다.
der	Pullover	Pullover	스웨터, 니트	pullover, sweater	Alle Pullover mit Mängeln sind um die Hälfte reduziert.	하자가 있는 모든 스웨터는 반값입니다.
der	Stiefel	Stiefel	장화, 부츠	boot	Im Winter trägt man meistens Stiefel.	대부분 겨울에 부츠를 착용한다.
der	Strumpf	Strümpfe	양말, 스타킹	sock	ich habe ein Loch im Strumpf.	양말에 구멍이 났다.
der	Anzug	Anzüge	양복, 정장	suit	Er kaufte einen neuen Anzug für seine Hochzeit.	그는 그의 결혼식을 위해 새로운 정장을 샀다.
der	BH(Büstenhalter)	BHs	브래지어	bra, brassiere	Sie trug nur noch Slip und BH.	 그녀는 팬티와 브래지어만 입었다.
das	T-Shirt	T-Shirts	티셔츠	tee, t-shirt	Er trug Boxershorts und ein T-Shirt.	그는 사각팬티와 티셔츠를 입었다.
das	Kleid	Kleider	원피스, 드레스	dress, frock	Das Kleid sieht toll aus, gell?	저 드레스 멋지네요 그죠?
das	Hemd	Hemden	셔츠	shirt	Er hat immer Jeans und ein Hemd an.	그는 항상 청바지에 셔츠를 입는다.
die	Olive	Oliven	올리브, 올리브나무	olive	Ich muss die Oliven für den Salat entsteinen.	샐러드를 만들기 위해 올리블 씨를 빼야해
die	Limonade	Limonaden	소다, 사이다	lemonade, soft drink	Ich trinke gern einen Mix aus Limonade und Cola.	나는 콜라와 사이다를 섞어먹는 것을 즐긴다.
die	Pizzeria	Pizzerien	피자가게	pizzeria	Die herausgeputzte Innenstadt wird von Pizzerien und Trattorien dominiert.	큰 도심은 피자집과 간이 음식점들이 점령했다.
die	Pizza	Pizzas/Pizzen	피자	pizza	Am liebsten esse ich mit Salami belegte Pizza.	제일 좋아하는 음식은 살라미피자다.
die	Pflaume	Pflaumen	자두	plum	Ich esse gerne Pflaumen.	난 자두를 좋아해.
die	Rechnung	Rechnungen	청구서, 계산, 회계, (가게)영수증	account, invoice, bill	Können wir gleich die Rechnung haben?	지금 당장 청구서를 받을 수 있을까요?
die	Speisekarte	Speisekarten	메뉴, 식단	menu	Der Kellner kam mit der Speisekarte zu unserem Tisch.	점원이 메뉴판을 들고 식탁으로 왔다.
die	Vorspeise	Vorspeisen	전채요리, 에피타이저	appetizer	Als Vorspeise gibt es heute Tomatensuppe.	에피타이저로 오늘 토마토스프가 있습니다.
die	Bohne	Bohnen	콩	bean	Bohnen und Reis sind in vielen Ländern Grundnahrungsmittel.	콩과 쌀은 많은 나라에서 주식입니다.
die	Bestellung	Bestellungen	주문, 주문품	order, appointment, purchase order	Meine Bestellung wurde in einer Schachtel verschickt.	내가 주문한 상품이 배송되었습니다.
die	Bedienung	Bedienungen	접대, 서비스, 웨이터	service, operation, waiter	Die Bedienung war sehr gut, also habe ich dem Kellner ein Trinkgeld gegeben.	서비스가 정말 좋아서 나는 웨이터에게 팁을 주었다.
die	Kleinigkeit	Kleinigkeiten	작은것, 사소한것, 쉬운 일	detail, little thing, trifle	Das ist kein Problem, es ist nur eine Kleinigkeit.	문제없어, 사소한 일이야.
die	Hauptspeise	Hauptspeisen	메인요리	main course, main dish	Als Hauptspeise gibt es Schweinebraten mit Knödeln.	메인요리로는 돼지 불고기와 크뇌델이 있습니다.
die	Frucht	Früchte	열매, 과실	fruit	Ich mag keine sauren Früchte.	나는 맛이 신 열매를 싫어한다.
die	Kreditkarte	Kreditkarten	신용카드	credit card	Diese Kreditkarte lässt keine Abhebungen im Ausland zu.	이 신용카드는 해외인출이 불가능합니다.
der	Pfeffer	Pfeffer	후추	pepper	Der Pfeffer ist im Schrank neben dem Salz.	후추는 찬장 안에 소금옆에 있다.
der	Rotwein	Rotweine	포도주, 레드와인	red wine	Aus diesem Anlass wurde kein Bier, sondern französischer Rotwein getrunken.	이러한 이유때문에 맥주보단 프랑스산 레드와인을 마신다.
das	Restaurant	Restaurants	요리점, 음식점	Restaurant	Weißt du ein gutes Restaurant?	좋은 식당을 알고 있어?
das	Rind	Rinder	소, 소고기	beef	Ein Rind muht.	소가 음메하고 운다.
das	Trinkgeld	Trinkgelder	팁	tip	Er hat mir 1 Euro als Trinkgeld gegeben.	그는 나한테 1유로를 팁으로 줬다.
das	Kalb	Kälber	송아지, 송아지 고기	calf	Meine Kuh hat ein sehr hübsches Kalb geboren.	내 소는 아주 예쁜 송아지를 낳았다.
das	Getränk	Getränke	음료, 주류	drink, beverage	Es gibt in einem Getränkemarkt so ziemlich jede Art von Getränk.	음료 전문상점에는 거의 모든 종류의 음료가 있다.
das	Hähnchen	Hähnchen	닭, 수평아리, 통닭구이	chicken	Ich habe zugenommen, da ich in letzter Zeit oft hähnchen gegessen habe.	요즘 닭고기를 자주 먹어서 살이 쪘다.
das	Lamm	Lämmer	새끼 양	lamb	Das Lamm trinkt die Milch des Mutterschafs.	새끼양은 어미양의 젖을 먹습니다.
der	Schatz	Schätze	보물, 애인	treasure, love	Der Pirat versteckte den Schatz auf der Insel.	해적이 보물을 섬에 숨겼다.
die	Sorte	Sorten	종류, 품종	variety, type, species	Ich weiß nicht genau, welche Sorte Tee er mag.	나는 그가 어떤 차를 좋아하는지 잘 모른다.
die	Reise	Reisen	여행	travel, journey, trip	Ich packte meine Taschen für die lange Reise nach New York.	나는 뉴욕으로 장기간 여행을 가기 위해 가방을 쌌다.
die	Stadt	Städte	도시, 시, 시내	city, town	Viele Touristen besuchen jedes Jahr die Stadt.	많은 여행객들이 매년 이 도시를 방문한다.
die	Straße	Straßen	거리, 길, 도로	street, road	Diese Straße führt zur Fabrik.	이 길은 공장으로 향한다.
die	Autobahngebühr	Autobahngebühren	고속도로 통행료	toll	Auf dieser Route ist keine Autobahngebühr zu zahlen.	이 도로는 통행료가 없다.
die	Fahrt	Fahrten	여행, 드라이브, 주행	drive, ride, journey	Ich tanke immer vor einer langen Fahrt.	나느 항상 장거리 주행 전에 주유를 한다.
die	Grenze	Grenzen	경계, 국경, 끝, 가장자리	border, limit, boundary	Begierde hat keine Grenze.	욕심은 끝이 없다.
der	Präsident	Präsidenten	대통령, 장관	president, chairman	Die Soldaten defilieren vor dem Präsident. 	병사들이 대통령 앞에서 행진을 한다.
der	Nachbar	Nachbarn	이웃	neighbor	Unsere Nachbarn sind gestern fortgezogen.	우리 이웃이 어제 이사했다.
der	Park	Parks	공원	park	In parks, dogs must be on a lead.	공원에선, 개는 목줄을 해야 합니다.
der	Prospekt	Prospekte	개관도, 전경도, 전망	brochure, prospectus	Der Prospekt enthält weitere Informationen über das Projekt.	안내서에는 이 프로젝트에 대한 추가 정보가 들어있습니다.
der	Müll	-	쓰레기, 폐물	waste, rubbish, garbage, junk	Um Müll zu reduzieren, sollte jeder unnötige Verpackungen vermeiden.	쓰레기를 줄이기 위해, 모든 불필요한 포장을 피하십시오.
der	Teppich	Teppiche	양탄자, 태피쉬, 카펫	carpet, rug	Ich werde den neuen Teppich ins Wohnzimmer legen.	나는 거실에 새로운 카펫을 깔 예정이다.
der	Tanz	Tänze	춤, 무용	dance	Die Damen wählten ihre Partner aus, und der Tanz begann.	여성들이 파트너를 선택하고, 춤이 시작되었다.
der	Verkehr	Verkehre	교통, 통행, 왕래	traffic	Wegen des starken Verkehrs dauerte die Fahrt lange.	혼잡한 교통때문에 운전이 오래 걸렸다.
der	Stern	Sterne	별, 운명	star	Es gibt Billionen Sterne in dieser Galaxie.	이 우주에는 수조개의 별이 있다.
der	Tourist	Touristen	관광객, 여행객	tourist	Diese Stadt bietet viele Sehenswürdigkeiten für Touristen.	이 도시는 관광객들을 위한 많은 관광지를 제공합니다.
der	Ausflug	Ausflüge	소풍, 짧은 여행	trip, tour	Machen wir morgen einen Ausflug?	내일 우리 소풍갈까?
der	Brief	Briefe	편지, 문서	letter	Hast du den Brief, den ich dir geschrieben habe, schon geöffnet?	내가 너한테 썼었던 편지 열어봤니?
der	Berg	Berge	산, 산맥	mountain	Der Berg steht im Nebel.	산에 안개가 꼈다.
der	Ausweis	Ausweise	신분증, 증명서	statement, identification card	Hast du deinen Ausweis mit?	신분증 가지고 있니?
der	Fehler	Fehler	오류, 실수	error, fault, mistake	Ich kann keinen Fehler erkennen.	나는 실수를 발견하지 못했다.
der	Kunde	Kunden	손님, 관객	customer, client, account	Unser Unternehmen hat viele langjährige Kunden.	우리 회사는 장기고객들을 많이 가지고 있다.
das	Papier	Papiere	종이, 서류	paper	Dieses Papier eignet sich zum Ausdrucken von Fotos.	이 용지는 사진을 인쇄하기에 적합하다.
das	Paar	Paare	짝, 커플	couple, pair	Ein nettes junges Paar mit Kindern ist nebenan eingezogen.	젊고 착한 부부와 아이들이 옆집에 이사왔다.
das	Schild	Schilder	간판, 표지판, 문패	sign, label	Der Wanderer folgte den Schildern, um sein Ziel zu erreichen.	등산객은 목적지에 도착하기 위해 표지판을 따라 갔다.
das	Schwimmbad	Schwimmbäder	수영장	pool, swimming pool	Das Hotel hat zwei Schwimmbäder, eins drinnen und eins draußen.	이 호텔에는 두개의 수영장이있다, 하나는 내부에 하나는 외부에 있다.
das	Museum	Museen	박물관, 미술관	museum	Ich gehe ins Museum, um mir die Gemälde anzusehen.	그림을 보기 위해 미술관에 간다.
das	Parfum	Parfüms	향수, 방향	perfume	Dieses Parfüm ist mir zu aufdringlich.	이 향수는 나에게 너무 부담스럽다.
das	Pferd	Pferde	말	horse	Das Pferd ruht sich im Stall aus.	말은 마구간에서 쉬고있다.
das	Ohr	Ohren	귀	ear	Kannst du mir mal dein Ohr leihen?	내 말좀 들어볼래?
das	Telefon	Telefone	전화	telephone	Das Telefon war eine bahnbrechende Erfindung.	전화는 획기적인 발명품이었다.
das	Viertel	Viertel	4분의 1	quarter	Wir treffen uns um Viertel nach sechs.	우리는 6시 15분에 만난다.
das	Streichholz	Streichhölzer	성냥	match	Das Streichholz geht nicht an.	성냥에 불이 붙지 않는다.
das	Verbot	Verbote	금지, 금지령	prohibition, ban	Während der Bauarbeiten gilt ein Verbot für Außenstehende, die Baustelle zu betreten.	공사중에는 외부인은 출입이 금지됩니다.
das	Baby	Babys	아기, 어린아이	baby	Die Frau hielt ihr Baby in den Armen.	여자는 아기를 안고 있었다.
das	Beispiel	Beispiele	예시, 본보기	example, instance	Wir bieten viele Sportarten an, zum Beispiel Tennis.	우리는 테니스와 같은 많은 스포츠를 제공합니다.
das	Meer	Meere	바다	sea, ocean	Der Fluss fließt ins Meer.	강이 바다로 흐른다.
das	Klavier	Klaviere	피아노	piano	Sie schlug die Tasten des Klaviers sanft an.	그녀는 부드럽게 피아노 건반을 쳤습니다.
das	Geschäft	Geschäfte	상점, 사업, 거래	shop, business, transaction	Das Geschäft hat den ganzen Tag geöffnet.	그 상점은 하루종일 열었다.
das	Gewürz	Gewürze	양념, 조미료	spice, seasoning	Er benutzte eine besondere Kombination von Gewürzen in seinem berühmten Apfelkuchen.	그는 그의 유명한 애플파이에 양념의 특별한 조합을 사용했습니다.
das	Kino	Kinos	영화관	cinema	Das Kino ist ausverkauft.	그 영화는 매진이다.
das	Hobby	Hobbys	취미, 장기	hobby	Meine Hobbys sind Fotografieren und Lesen.	내 취미는 사진찍기와 책읽기다.
das	Land	Länder	육지, 시골, 국가, 주	country, state, nation	Sie wuchs auf dem Land auf, studierte aber in der Stadt.	그녀는 시골에서 자랐지만, 공부는 도시에서 했다.
das	Kamel	Kamele	낙타, 바보	camel, idiot	Er ritt auf einem Kamel durch die Wüste.	그는 낙타를 타고 사막을 지나갔다.
das	Feuer	Feuer	불, 화재, 발사	fire	Zum Glück konnten wir das Feuer schnell löschen.	다행히도 우리는 신속하게 화재를 진압할 수 있었다.
die	Sekretärin	Sekretärinnen	사무원, 여비서	secretary,  office assistant	Wir suchen eine tüchtige und zuverlässige Sekretärin.	우리는 유능하고 신뢰할 수 있는 비서를 찾고 있습니다.
die	Angestellte	Angestellten	사원, 종업원	employees, staff	Die Angestellten versammelten sich für die Besprechung.	직원들은 회의를 위해 모였다.
der	Rechtsanwalt	Rechtsanwälte	변호사	lawyer, attorney	Ich habe den Fall gewonnen, ich hatte einen guten Rechtsanwalt.	나는 그 소송을 이겼다, 나는 훌륭한 변호사가 있었다.
der	Bäcker	Bäcker	빵집 주인, 빵 제조업자	baker	Der Bäcker schüttete etwas Mehl in eine Schüssel.	빵 제조업자는 약간의 밀가루를 사발에 부었다.
der	Chef	Chefs	우두머리, 지배인	head, chief, boss	Sein Chef drängte ihn, schneller zu arbeiten.	그의 사장은 더 빨리 일하라고 그를 재촉했다.
die	Rezeption	Rezeptionen	대합실, 프론트, 수용	reception, front desk	Gäste können ihren Schlüssel an der Rezeption abholen.	손님들은 프론트에서 열쇠를 받아갈 수 있습니다.
die	Dusche	Duschen	샤워	shower	Vor dem Sprung ins Schwimmbecken, müssen sich alle Schwimmer unter die Dusche stellen.	수영장에 들어가기 전에, 모든 사람들은 샤워를 해야합니다.
die	Klimaanlage	Klimaanlagen	에어컨	air conditioner	Die Klimaanlage ist nicht in Ordnung.	에어컨이 고장났다.
der	Luxus	Luxus	사치, 호사	luxury	Den Luxus eines Spaziergangs kann ich mir momentan nicht leisten. Ich habe zu viel zu tun.	지금 나는 산책이라는 사치를 부릴 여유가 없다. 나는 할일이 많다.
der	Balkon	Balkone	발코니	balcony	Unser Balkon ist der Straße zugewandt.	발코니는 거리를 향하고 있다.
die	Sekunde	Sekunden	초, 순간	second	Es ging um Sekunden.	약 2초가 지났다.
die	Minute	Minuten	분	minute	Ich werde in fünf Minuten zurück sein.	5분안에 돌아올게
die	Stunde	Stunden	시간, 때	hour, time	Ich habe keine Stunde mehr frei.	나는 남는 시간이 더이상 없다.
der	Morgen, -	Morgen	아침, 오전	morning	Der Hahn kräht jeden Morgen.	수탉은 매일 아침 운다.
der	Mittag	Mittage	정오, 대낮, 오후	noon	Es ist fast Mittag, fünf vor zwölf.	거의 정오야, 11시 55분.
der	Nachmittag	Nachmittage	오후	afternoon	Hast du für heute nachmittag schon etwas vor?	너 오늘 오후에 무슨 약속 있니?
der	Montag	Montage	월요일	monday	Montag ist der erste Tag der Woche.	월요일은 한주의 첫째 날이다.
der	Abend	Abende	저녁, 밤	evening, night	Ich habe morgen Abend eine Verabredung.	나는 내일 밤 약속이 있어.
der	Dienstag	Dienstage	화요일	tuesday	Bitte reichen Sie Ihre Bewerbung bis Dienstag ein.	화요일까지 당신의 신청서를 제출 하세요.
der	Mittwoch	Mittwoche	수요일	wednesday	Diesen Mittwoch fällt der Tanzkurs aus.	이번주 수요일에는 댄스 수업이 취소되었다.
der	Donnerstag	Donnerstage	목요일	thursday	Am Donnerstag bin ich frei.	목요일에 나는 한가하다.
der	Freitag	Freitage	금요일	friday	Ich arbeite normalerweise von Montag bis Freitag.	나는 보통 월요일에서 금요일까지 일한다.
der	Samstag	Samstage	토요일	saturday	Wie jeden Samstag schaut er auch heute die Sportschau.	매주 토요일처럼 그는 오늘도 스포츠 경기를 관람한다.
der	Sonntag	Sonntage	일요일	sunday	Der Termin steht auf Sonntag an.	약속은 일요일로 확정되었다.
der	Januar	Januare	1월	january	Januar ist der erste Monat des Jahres.	1월은 1년의 첫 번째 달이다.
der	Februar	Februare	2월	february	Dieses Jahr war der Februar außergewöhnlich warm.	올해 2월은 굉장히 따뜻했다.
der	März	Märze	3월	march	Das dauert den ganzen März durch.	그것은 3월 한달 내내 계속된다.
der	April	Aprile	4월	april	Das Freibad ist von April bis September geöffnet.	야외 수영장은 4월부터 9월까지 운영됩니다.
der	Mai	Maie	5월	may	Die Hochzeit wird entweder im Mai oder im Juni stattfinden.	결혼식은 5월이나 6월중에 열립니다.
der	Juni	Junis	6월	june	Er verreiste am Montag, dem 3. Juni.	그는 6월3일 월요일에 여행을 떠났다.
der	Juli	Julis	7월	july	Nächstes Jahr, nämlich im Juli mache ich eine Reise um die Welt.	내년, 즉 7월에 나는 세계여행을 한다.
der	August	Auguste	8월	august	Mein Geburtstag ist im August.	내 생일은 8월이다.
der	September	September	9월	september	September ist der Monat zwischen August und Oktober.	9월은 8월과 10월 사이에 있는 달이다.
der	Oktober	Oktober	10월	october	Die Wohnung muss zum 4. Oktober gekündigt werden.	그 집은 10월 4일까지 비워주어야 한다
der	November	November	11월	november	Es war wichtig, die Produkteinführung für November zu timen.	11월로 출시일을 정한것은 중요했습니다.
der	Dezember	Dezember	12월	december	Das Museum ist das ganze Jahr über offen, außer im Dezember.	이 박물관은 12월을 제외하고 1년 내내 개장합니다.
der	Frühling	Frühlinge	봄, 청춘	spring	Der Winter ist vorbei, der Frühling kommt.	겨울이 끝나고 봄이 왔다.
der	Sommer	Sommer	여름	summer	Im Sommer baden wir im See.	여름에 우리는 바다에서 수영을 한다.
der	Herbst	Herbste	가을	autumn, fall	Die Bäume verlieren ihre Blätter im Herbst.	나무들은 가을에 잎이 떨어진다.
der	Winter	Winter	겨울	winter	Der Winter ist die kälteste Jahreszeit.	겨울은 가장 추운 계절이다.
das	Wochenende	Wochenenden	주말	weekend	Die ganze Woche über freue ich mich auf das Wochenende.	일주일 내내 나는 주말을 기대했다.